hate_speech,normal,offensive,f1_scores,macro_f1_scores,word_f1_scores,word_precision,word_recall
0.92,0.71,0.24,0.6671292209233963,0.45012668689945445,0.36274009858915524,0.6748893105629349,0.24802417480241748
