hate_speech,normal,offensive,f1_scores,macro_f1_scores,word_f1_scores,word_precision,word_recall
0.61,0.73,0.42,0.6893408579637048,0.4753545616420213,0.45332500780518264,0.6901140684410646,0.33751743375174337
