hate_speech,normal,offensive,f1_scores,macro_f1_scores,word_f1_scores,word_precision,word_recall
0.73,0.75,0.5,0.7151973990642602,0.5263141916735146,0.4797297297297297,0.6516360734237829,0.3795908879590888
