hate_speech,normal,offensive,f1_scores,macro_f1_scores
0.77,0.77,0.5,0.7131923933291375,0.5028030424169252
0.81,0.76,0.53,0.7493214568198189,0.5374587269539941
0.83,0.77,0.51,0.7205263049306497,0.5111162247571617
0.77,0.78,0.5,0.7262784984523342,0.5184757017294516
0.8,0.75,0.4,0.6941735200143201,0.4843504449077413
