hate_speech,normal,offensive,f1_scores,macro_f1_scores
0.76,0.76,0.51,0.7084565332409696,0.5057288189326068
0.84,0.77,0.54,0.7438062577763219,0.5348706508661546
0.79,0.76,0.54,0.7427932899986488,0.5353247165477523
0.74,0.77,0.54,0.7392512854706342,0.5263830238057302
0.88,0.76,0.48,0.7353070788626372,0.5216966754655614
